[
  { "hour": 0, "data": 40 },
  { "hour": 1, "data": 110 },
  { "hour": 2, "data": 170 },
  { "hour": 3, "data": 40 },
  { "hour": 4, "data": 110 },
  { "hour": 5, "data": 170 },
  { "hour": 6, "data": 40 },
  { "hour": 7, "data": 110 },
  { "hour": 8, "data": 170 },
  { "hour": 9, "data": 40 },
  { "hour": 10, "data": 110 },
  { "hour": 11, "data": 170 },
  { "hour": 12, "data": 40 },
  { "hour": 13, "data": 110 },
  { "hour": 14, "data": 170 },
  { "hour": 15, "data": 40 },
  { "hour": 16, "data": 110 },
  { "hour": 17, "data": 170 },
  { "hour": 18, "data": 40 },
  { "hour": 19, "data": 110 },
  { "hour": 20, "data": 170 },
  { "hour": 21, "data": 40 },
  { "hour": 22, "data": 110 },
  { "hour": 23, "data": 170 }
]