[
  {
    "event": "connected",
    "duration": 21600,
    "timestamp": "2025-03-02T00:00:00.000Z"
  },
  {
    "event": "disconnected",
    "duration": 7200,
    "timestamp": "2025-03-02T06:00:00.000Z"
  },
  {
    "event": "connected",
    "duration": 28800,
    "timestamp": "2025-03-02T08:00:00.000Z"
  },
  {
    "event": "disconnected",
    "duration": 14400,
    "timestamp": "2025-03-02T16:00:00.000Z"
  },
  {
    "event": "connected",
    "duration": 28800,
    "timestamp": "2025-03-02T20:00:00.000Z"
  },
  {
    "event": "disconnected",
    "duration": 14400,
    "timestamp": "2025-03-03T04:00:00.000Z"
  },
  {
    "event": "connected",
    "duration": 43200,
    "timestamp": "2025-03-03T08:00:00.000Z"
  },
  {
    "event": "disconnected",
    "duration": 21600,
    "timestamp": "2025-03-03T20:00:00.000Z"
  },
  {
    "event": "connected",
    "duration": 18000,
    "timestamp": "2025-03-04T02:00:00.000Z"
  },
  {
    "event": "disconnected",
    "duration": 10800,
    "timestamp": "2025-03-04T07:00:00.000Z"
  },
  {
    "event": "connected",
    "duration": 25200,
    "timestamp": "2025-03-04T10:00:00.000Z"
  },
  {
    "event": "disconnected",
    "duration": 7200,
    "timestamp": "2025-03-04T17:00:00.000Z"
  },
  {
    "event": "connected",
    "duration": 21600,
    "timestamp": "2025-03-04T19:00:00.000Z"
  },
  {
    "event": "disconnected",
    "duration": 14400,
    "timestamp": "2025-03-05T02:00:00.000Z"
  },
  {
    "event": "connected",
    "duration": 28800,
    "timestamp": "2025-03-05T06:00:00.000Z"
  },
  {
    "event": "disconnected",
    "duration": 10800,
    "timestamp": "2025-03-05T14:00:00.000Z"
  },
  {
    "event": "connected",
    "duration": 25200,
    "timestamp": "2025-03-05T17:00:00.000Z"
  },
  {
    "event": "disconnected",
    "duration": 18000,
    "timestamp": "2025-03-06T00:00:00.000Z"
  },
  {
    "event": "connected",
    "duration": 32400,
    "timestamp": "2025-03-06T05:00:00.000Z"
  },
  {
    "event": "disconnected",
    "duration": 14400,
    "timestamp": "2025-03-06T14:00:00.000Z"
  },
  {
    "event": "connected",
    "duration": 21600,
    "timestamp": "2025-03-06T18:00:00.000Z"
  },
  {
    "event": "disconnected",
    "duration": 10800,
    "timestamp": "2025-03-07T02:00:00.000Z"
  },
  {
    "event": "connected",
    "duration": 28800,
    "timestamp": "2025-03-07T05:00:00.000Z"
  },
  {
    "event": "disconnected",
    "duration": 7200,
    "timestamp": "2025-03-07T13:00:00.000Z"
  },
  {
    "event": "connected",
    "duration": 21600,
    "timestamp": "2025-03-07T15:00:00.000Z"
  },
  {
    "event": "disconnected",
    "duration": 14400,
    "timestamp": "2025-03-07T21:00:00.000Z"
  },
  {
    "event": "connected",
    "duration": 25200,
    "timestamp": "2025-03-08T01:00:00.000Z"
  },
  {
    "event": "disconnected",
    "duration": 10800,
    "timestamp": "2025-03-08T08:00:00.000Z"
  },
  {
    "event": "connected",
    "duration": 28800,
    "timestamp": "2025-03-08T11:00:00.000Z"
  },
  {
    "event": "disconnected",
    "duration": 14400,
    "timestamp": "2025-03-08T19:00:00.000Z"
  },
  {
    "event": "connected",
    "duration": 21600,
    "timestamp": "2025-03-08T23:00:00.000Z"
  },
  {
    "event": "disconnected",
    "duration": 7200,
    "timestamp": "2025-03-09T05:00:00.000Z"
  },
  {
    "event": "connected",
    "duration": 32400,
    "timestamp": "2025-03-09T07:00:00.000Z"
  },
  {
    "event": "disconnected",
    "duration": 10800,
    "timestamp": "2025-03-09T16:00:00.000Z"
  },
  {
    "event": "connected",
    "duration": 25200,
    "timestamp": "2025-03-09T19:00:00.000Z"
  },
  {
    "event": "disconnected",
    "duration": 18000,
    "timestamp": "2025-03-10T02:00:00.000Z"
  },
  {
    "event": "connected",
    "duration": 28800,
    "timestamp": "2025-03-10T07:00:00.000Z"
  },
  {
    "event": "disconnected",
    "duration": 10800,
    "timestamp": "2025-03-10T15:00:00.000Z"
  },
  {
    "event": "connected",
    "duration": 21600,
    "timestamp": "2025-03-10T18:00:00.000Z"
  },
  {
    "event": "disconnected",
    "duration": 7200,
    "timestamp": "2025-03-11T00:00:00.000Z"
  },
  {
    "event": "connected",
    "duration": 32400,
    "timestamp": "2025-03-11T02:00:00.000Z"
  },
  {
    "event": "disconnected",
    "duration": 14400,
    "timestamp": "2025-03-11T11:00:00.000Z"
  },
  {
    "event": "connected",
    "duration": 25200,
    "timestamp": "2025-03-11T15:00:00.000Z"
  },
  {
    "event": "disconnected",
    "duration": 10800,
    "timestamp": "2025-03-11T22:00:00.000Z"
  },
  {
    "event": "connected",
    "duration": 28800,
    "timestamp": "2025-03-12T01:00:00.000Z"
  },
  {
    "event": "disconnected",
    "duration": 7200,
    "timestamp": "2025-03-12T09:00:00.000Z"
  },
  {
    "event": "connected",
    "duration": 21600,
    "timestamp": "2025-03-12T11:00:00.000Z"
  },
  {
    "event": "disconnected",
    "duration": 14400,
    "timestamp": "2025-03-12T17:00:00.000Z"
  },
  {
    "event": "connected",
    "duration": 32400,
    "timestamp": "2025-03-12T21:00:00.000Z"
  },
  {
    "event": "disconnected",
    "duration": 10800,
    "timestamp": "2025-03-13T06:00:00.000Z"
  },
  {
    "event": "connected",
    "duration": 28800,
    "timestamp": "2025-03-13T09:00:00.000Z"
  },
  {
    "event": "disconnected",
    "duration": 7200,
    "timestamp": "2025-03-13T17:00:00.000Z"
  },
  {
    "event": "connected",
    "duration": 21600,
    "timestamp": "2025-03-13T19:00:00.000Z"
  },
  {
    "event": "disconnected",
    "duration": 14400,
    "timestamp": "2025-03-14T01:00:00.000Z"
  },
  {
    "event": "connected",
    "duration": 32400,
    "timestamp": "2025-03-14T05:00:00.000Z"
  },
  {
    "event": "disconnected",
    "duration": 10800,
    "timestamp": "2025-03-14T14:00:00.000Z"
  },
  {
    "event": "connected",
    "duration": 25200,
    "timestamp": "2025-03-14T17:00:00.000Z"
  },
  {
    "event": "disconnected",
    "duration": 18000,
    "timestamp": "2025-03-15T00:00:00.000Z"
  },
  {
    "event": "connected",
    "duration": 28800,
    "timestamp": "2025-03-15T05:00:00.000Z"
  },
  {
    "event": "disconnected",
    "duration": 10800,
    "timestamp": "2025-03-15T13:00:00.000Z"
  },
  {
    "event": "connected",
    "duration": 25200,
    "timestamp": "2025-03-15T16:00:00.000Z"
  },
  {
    "event": "disconnected",
    "duration": 7200,
    "timestamp": "2025-03-15T23:00:00.000Z"
  },
  {
    "event": "connected",
    "duration": 32400,
    "timestamp": "2025-03-16T01:00:00.000Z"
  },
  {
    "event": "disconnected",
    "duration": 14400,
    "timestamp": "2025-03-16T10:00:00.000Z"
  },
  {
    "event": "connected",
    "duration": 21600,
    "timestamp": "2025-03-16T14:00:00.000Z"
  },
  {
    "event": "disconnected",
    "duration": 10800,
    "timestamp": "2025-03-16T20:00:00.000Z"
  },
  {
    "event": "connected",
    "duration": 28800,
    "timestamp": "2025-03-16T23:00:00.000Z"
  },
  {
    "event": "disconnected",
    "duration": 10800,
    "timestamp": "2025-03-17T07:00:00.000Z"
  },
  {
    "event": "connected",
    "duration": 25200,
    "timestamp": "2025-03-17T10:00:00.000Z"
  },
  {
    "event": "disconnected",
    "duration": 7200,
    "timestamp": "2025-03-17T17:00:00.000Z"
  },
  {
    "event": "connected",
    "duration": 32400,
    "timestamp": "2025-03-17T19:00:00.000Z"
  },
  {
    "event": "disconnected",
    "duration": 14400,
    "timestamp": "2025-03-18T04:00:00.000Z"
  },
  {
    "event": "connected",
    "duration": 21600,
    "timestamp": "2025-03-18T08:00:00.000Z"
  },
  {
    "event": "disconnected",
    "duration": 10800,
    "timestamp": "2025-03-18T14:00:00.000Z"
  },
  {
    "event": "connected",
    "duration": 28800,
    "timestamp": "2025-03-18T17:00:00.000Z"
  },
  {
    "event": "disconnected",
    "duration": 7200,
    "timestamp": "2025-03-19T01:00:00.000Z"
  },
  {
    "event": "connected",
    "duration": 32400,
    "timestamp": "2025-03-19T03:00:00.000Z"
  },
  {
    "event": "disconnected",
    "duration": 10800,
    "timestamp": "2025-03-19T12:00:00.000Z"
  },
  {
    "event": "connected",
    "duration": 25200,
    "timestamp": "2025-03-19T15:00:00.000Z"
  },
  {
    "event": "disconnected",
    "duration": 14400,
    "timestamp": "2025-03-19T22:00:00.000Z"
  },
  {
    "event": "connected",
    "duration": 28800,
    "timestamp": "2025-03-20T02:00:00.000Z"
  },
  {
    "event": "disconnected",
    "duration": 7200,
    "timestamp": "2025-03-20T10:00:00.000Z"
  },
  {
    "event": "connected",
    "duration": 21600,
    "timestamp": "2025-03-20T12:00:00.000Z"
  },
  {
    "event": "disconnected",
    "duration": 10800,
    "timestamp": "2025-03-20T18:00:00.000Z"
  },
  {
    "event": "connected",
    "duration": 32400,
    "timestamp": "2025-03-20T21:00:00.000Z"
  },
  {
    "event": "disconnected",
    "duration": 14400,
    "timestamp": "2025-03-21T06:00:00.000Z"
  },
  {
    "event": "connected",
    "duration": 28800,
    "timestamp": "2025-03-21T10:00:00.000Z"
  },
  {
    "event": "disconnected",
    "duration": 7200,
    "timestamp": "2025-03-21T18:00:00.000Z"
  },
  {
    "event": "connected",
    "duration": 21600,
    "timestamp": "2025-03-21T20:00:00.000Z"
  },
  {
    "event": "disconnected",
    "duration": 10800,
    "timestamp": "2025-03-22T02:00:00.000Z"
  },
  {
    "event": "connected",
    "duration": 32400,
    "timestamp": "2025-03-22T05:00:00.000Z"
  },
  {
    "event": "disconnected",
    "duration": 14400,
    "timestamp": "2025-03-22T14:00:00.000Z"
  },
  {
    "event": "connected",
    "duration": 25200,
    "timestamp": "2025-03-22T18:00:00.000Z"
  },
  {
    "event": "disconnected",
    "duration": 7200,
    "timestamp": "2025-03-23T01:00:00.000Z"
  },
  {
    "event": "connected",
    "duration": 28800,
    "timestamp": "2025-03-23T03:00:00.000Z"
  },
  {
    "event": "disconnected",
    "duration": 10800,
    "timestamp": "2025-03-23T11:00:00.000Z"
  },
  {
    "event": "connected",
    "duration": 25200,
    "timestamp": "2025-03-23T14:00:00.000Z"
  },
  {
    "event": "disconnected",
    "duration": 14400,
    "timestamp": "2025-03-23T21:00:00.000Z"
  },
  {
    "event": "connected",
    "duration": 32400,
    "timestamp": "2025-03-24T01:00:00.000Z"
  },
  {
    "event": "disconnected",
    "duration": 7200,
    "timestamp": "2025-03-24T10:00:00.000Z"
  },
  {
    "event": "connected",
    "duration": 21600,
    "timestamp": "2025-03-24T12:00:00.000Z"
  },
  {
    "event": "disconnected",
    "duration": 10800,
    "timestamp": "2025-03-24T18:00:00.000Z"
  },
  {
    "event": "connected",
    "duration": 28800,
    "timestamp": "2025-03-24T21:00:00.000Z"
  },
  {
    "event": "disconnected",
    "duration": 14400,
    "timestamp": "2025-03-25T05:00:00.000Z"
  },
  {
    "event": "connected",
    "duration": 25200,
    "timestamp": "2025-03-25T09:00:00.000Z"
  },
  {
    "event": "disconnected",
    "duration": 7200,
    "timestamp": "2025-03-25T16:00:00.000Z"
  },
  {
    "event": "connected",
    "duration": 32400,
    "timestamp": "2025-03-25T18:00:00.000Z"
  },
  {
    "event": "disconnected",
    "duration": 10800,
    "timestamp": "2025-03-26T03:00:00.000Z"
  },
  {
    "event": "connected",
    "duration": 28800,
    "timestamp": "2025-03-26T06:00:00.000Z"
  },
  {
    "event": "disconnected",
    "duration": 14400,
    "timestamp": "2025-03-26T14:00:00.000Z"
  },
  {
    "event": "connected",
    "duration": 21600,
    "timestamp": "2025-03-26T18:00:00.000Z"
  },
  {
    "event": "disconnected",
    "duration": 7200,
    "timestamp": "2025-03-27T00:00:00.000Z"
  },
  {
    "event": "connected",
    "duration": 32400,
    "timestamp": "2025-03-27T02:00:00.000Z"
  },
  {
    "event": "disconnected",
    "duration": 10800,
    "timestamp": "2025-03-27T11:00:00.000Z"
  },
  {
    "event": "connected",
    "duration": 25200,
    "timestamp": "2025-03-27T14:00:00.000Z"
  },
  {
    "event": "disconnected",
    "duration": 14400,
    "timestamp": "2025-03-27T21:00:00.000Z"
  },
  {
    "event": "connected",
    "duration": 28800,
    "timestamp": "2025-03-28T01:00:00.000Z"
  },
  {
    "event": "disconnected",
    "duration": 7200,
    "timestamp": "2025-03-28T09:00:00.000Z"
  },
  {
    "event": "connected",
    "duration": 21600,
    "timestamp": "2025-03-28T11:00:00.000Z"
  },
  {
    "event": "disconnected",
    "duration": 10800,
    "timestamp": "2025-03-28T17:00:00.000Z"
  },
  {
    "event": "connected",
    "duration": 32400,
    "timestamp": "2025-03-28T20:00:00.000Z"
  },
  {
    "event": "disconnected",
    "duration": 14400,
    "timestamp": "2025-03-29T05:00:00.000Z"
  },
  {
    "event": "connected",
    "duration": 25200,
    "timestamp": "2025-03-29T09:00:00.000Z"
  },
  {
    "event": "disconnected",
    "duration": 7200,
    "timestamp": "2025-03-29T16:00:00.000Z"
  },
  {
    "event": "connected",
    "duration": 32400,
    "timestamp": "2025-03-29T18:00:00.000Z"
  },
  {
    "event": "disconnected",
    "duration": 10800,
    "timestamp": "2025-03-30T03:00:00.000Z"
  },
  {
    "event": "connected",
    "duration": 28800,
    "timestamp": "2025-03-30T06:00:00.000Z"
  },
  {
    "event": "disconnected",
    "duration": 14400,
    "timestamp": "2025-03-30T14:00:00.000Z"
  },
  {
    "event": "connected",
    "duration": 21600,
    "timestamp": "2025-03-30T18:00:00.000Z"
  },
  {
    "event": "disconnected",
    "duration": 7200,
    "timestamp": "2025-03-31T00:00:00.000Z"
  },
  {
    "event": "connected",
    "duration": 32400,
    "timestamp": "2025-03-31T02:00:00.000Z"
  },
  {
    "event": "disconnected",
    "duration": 10800,
    "timestamp": "2025-03-31T11:00:00.000Z"
  },
  {
    "event": "connected",
    "duration": 25200,
    "timestamp": "2025-03-31T14:00:00.000Z"
  },
  {
    "event": "disconnected",
    "duration": 14400,
    "timestamp": "2025-03-31T21:00:00.000Z"
  }
]